{"cameraMode":{"drawMode":0,"name":"Shaded","section":"Shading Mode"},"sceneLighting":true,"audioPlay":false,"sceneViewState":{"m_AlwaysRefresh":false,"showFog":true,"showSkybox":true,"showFlares":true,"showImageEffects":true,"showParticleSystems":true,"showVisualEffectGraphs":true,"m_FxEnabled":true},"in2DMode":false,"pivot":{"x":-12.417750358581543,"y":8.153692245483399,"z":-1.8622446060180665},"rotation":{"x":-0.3885177671909332,"y":-0.033991940319538119,"z":0.01434389129281044,"w":-0.9207027554512024},"size":0.5792559385299683,"orthographic":false}